{"stats":{"minecraft:custom":{"minecraft:interact_with_anvil":2,"minecraft:tune_noteblock":9,"minecraft:leave_game":50,"minecraft:time_since_death":897212,"minecraft:time_since_rest":897212,"minecraft:sprint_one_cm":113052,"minecraft:walk_one_cm":747062,"minecraft:drop":145,"minecraft:fly_one_cm":3498067,"minecraft:crouch_one_cm":33513,"minecraft:play_time":897212,"minecraft:sneak_time":42047,"minecraft:jump":2293,"minecraft:total_world_time":972871},"minecraft:picked_up":{"createbigcannons:steel_scrap":10,"createbigcannons:solid_shot":173,"create_connected:brass_gearbox":4,"minecraft:string":1,"create:redstone_link":14,"minecraft:oak_sign":1,"createbigcannons:nethersteel_nugget":170,"create:sequenced_gearshift":1,"create:mechanical_bearing":1,"minecraft:stone_button":2,"create:hand_crank":3,"create:schematic":1,"minecraft:redstone":2,"minecraft:diamond_block":63,"createbigcannons:powder_charge":1620,"create:deployer":1,"create:creative_motor":1,"minecraft:lever":2,"minecraft:deepslate_gold_ore":1,"minecraft:white_wool":1,"create:linked_controller":1},"minecraft:dropped":{"create:vertical_gearbox":1,"createbigcannons:nethersteel_cannon_barrel":63,"minecraft:diamond_block":64,"minecraft:lever":1,"create:mechanical_piston":5,"createbigcannons:nethersteel_cannon_chamber":1,"create:encased_chain_drive":1,"create_connected:encased_chain_cogwheel":2,"createbigcannons:cannon_mount":1,"minecraft:observer":1,"create:sequenced_gearshift":4,"measurements:tape_measure":1,"create:creative_crate":1,"minecraft:bedrock":1,"create:rotation_speed_controller":1,"minecraft:oak_sign":1,"create:mechanical_bearing":3,"create:schematic":1,"minecraft:gold_block":1,"minecraft:iron_block":1,"create:linear_chassis":1,"minecraft:deepslate_gold_ore":1,"create:sticky_mechanical_piston":1,"create:redstone_link":34,"create:creative_motor":3,"createbigcannons:solid_shot":66,"create:radial_chassis":1,"minecraft:stone_button":6,"create_connected:brass_gearbox":4,"create:gearbox":5,"create:deployer":2,"create:piston_extension_pole":6,"create:powered_toggle_latch":2,"create_connected:sequenced_pulse_generator":2,"minecraft:cyan_concrete":1,"minecraft:glass":3,"create:large_cogwheel":1,"create:white_seat":2,"createbigcannons:powder_charge":761,"create:gearshift":1,"minecraft:string":7,"create:pulse_repeater":2,"minecraft:white_wool":3,"createbigcannons:nethersteel_nugget":71,"minecraft:redstone":3,"minecraft:lectern":1},"minecraft:used":{"cbcmodernwarfare:compact_mount":13,"createbigcannons:nethersteel_screw_breech":36,"createbigcannons:nethersteel_cannon_barrel":50,"create:deployer":489,"createbigcannons:solid_shot":10,"create:schematic_table":5,"createbigcannons:steel_cannon_barrel":24,"create_connected:encased_chain_cogwheel":21,"create_connected:inverted_clutch":11,"create:piston_extension_pole":39,"minecraft:redstone":47,"trackwork:suspension_track":51,"minecraft:oak_sign":35,"create:pulse_extender":5,"minecraft:stone":2,"create:sticky_mechanical_piston":11,"create_connected:large_crank_wheel":3,"minecraft:glow_ink_sac":10,"create:mechanical_bearing":72,"minecraft:white_wool":58,"create_connected:sequenced_pulse_generator":31,"minecraft:anvil":2,"trackwork:track_level_controller":2,"trackwork:phys_track":22,"create:cogwheel":6,"createbigcannons:steel_cannon_chamber":26,"create:creative_crate":75,"minecraft:note_block":1,"create:speedometer":4,"minecraft:redstone_torch":1,"minecraft:purple_stained_glass":8,"minecraft:glass":125,"create:linear_chassis":29,"minecraft:lever":25,"minecraft:light_gray_stained_glass":46,"minecraft:villager_spawn_egg":3,"create:wrench":252,"create_connected:brass_gearbox":9,"create:gearbox":21,"minecraft:string":56,"minecraft:barrier":11,"createbigcannons:steel_screw_breech":4,"createbigcannons:nethersteel_cannon_chamber":134,"minecraft:stone_button":76,"minecraft:lectern":5,"minecraft:cyan_concrete":188,"create_connected:crank_wheel":2,"createbigcannons:cannon_mount":21,"create:creative_motor":79,"create:white_seat":4,"minecraft:bedrock":101,"create:encased_chain_drive":20,"create:powered_toggle_latch":14,"createbigcannons:powder_charge":76,"s_a_b:hardsteelblock":10,"create:linked_controller":18,"create:rotation_speed_controller":11,"create:radial_chassis":23,"create:mechanical_piston":70,"create:shaft":1,"minecraft:white_stained_glass":60,"create:hand_crank":26,"create:pulse_repeater":52,"create:sequenced_gearshift":67,"create:vertical_gearbox":1,"create:redstone_link":337,"minecraft:observer":12,"create:gearshift":13,"create:large_cogwheel":2,"minecraft:gray_stained_glass":9}},"DataVersion":2975}